Company Name,Website
"5Bars Services","https://5bars.net"
"ACRS Telecommunications Engineers","https://acrsokc.com"
"Actelant",""
"ADCOMM Engineering, LLC","https://adcomm911.com"
"Aether Fiber Solutions","https://aetherfiber.com"
"Airway Technologies","https://airway.com"
"al watan","https://outlook.com"
"Altamaha EMC","https://altamahaemc.com"
"AMC Optics","https://amc-optics.com"
"American Power Systems","https://ampowersys.com"
"AMSYS Group","https://amsysis.com"
"Ants-technology","https://ants-technology.com"
"APPROVE","https://approvepayments.com"
"ArchComm","https://archcomm.net"
"Atlas Design Services","https://atlasdgn.com"
"B&A telecom","https://gmail.com"
"Bartlett Electric Cooperative, Inc.","https://bartlettec.coop"
"Battery Store Inc.","https://batterystore.com"
"Bell County Technology Services","https://bellcounty.texas.gov"
"Berkeley Electric Cooperative, Inc.","https://bec.coop"
"Big Horn Rural Electric Cooperative",""
"BirdComm Solutions","https://birdcomm.net"
"Blue Ridge Electric Co-op","https://blueridge.coop"
"Blue Ridge Electric Membership Corporation","https://blueridgeenergy.com"
"Brazos Communications","https://brazostel.com"
"Brazos Wifi","https://gmail.com"
"BTC Broadband","https://mybtc.com"
"Btel","https://btel.com"
"BTEL - Brazoria Telephone Co","https://btel.com"
"Cablcon","https://cablcon.com"
"Cablcon | IEWC.com","https://cablcon.com"
"Cable and Connections","https://cableandconnections.com"
"CDL Group of Companies","https://cdl-electric.com"
"Cenmex","https://cenmex.com"
"Central New Mexico Electric Cooperative","https://cnmec.org"
"Central Texas Telephone Cooperative, Inc.","https://centexnet.com"
"Centric Fiber","https://centric-us.com"
"Century Wire Products Corp","https://phoenixutility.com"
"Champion Precast","https://championprecast.com"
"Chelan County Public Utility District No. 1","https://chelanpud.org"
"Chelan County Public Utility District No. 2","https://chelanpud.org"
"Choctaw Telecommunications","https://choctawtelecom.com"
"Cielo Systems","https://cielosystems.net"
"CimTel","https://mbo.one"
"City of Columbia",""
"City of Georgetown","https://georgetown.org"
"City of Mobile",""
"Cleco Corporate Holdings LLC","https://cleco.com"
"Cleco Power LLC","https://cleco.com"
"Cleveland Utilities Authority","https://clevelandutilities.com"
"Coastal Electric Membership Corporation","https://coastalemc.com"
"Cobb Electric Membership Corporation","https://cobbemc.com"
"Coleman County Telephone Coop. Inc.","https://web-access.net"
"Colquitt Electric Membership Corporation","https://colquittemc.com"
"Columbia Water & Light","https://como.gov"
"Consumers Power Inc.","https://cpi.coop"
"Corn Belt Power Cooperative","https://cbpower.coop"
"Covington Electric Cooperative, Inc.","https://covington.coop"
"Coweta-Fayette Electric Membership Corporation","https://utility.org"
"Cross Telephone Company, LLC","https://mbo.one"
"Dakota Utility Conractors","https://dakotautility.com"
"Data Comm for Business, Inc.","https://dcbnet.com"
"DAVIS CABLE TECHNOLOGIES","https://daviscable.com"
"Dell Telephone Cooperative","https://delltelco.com"
"Digital Plus Solutions, LLC","https://digitalplussolutions.com"
"Direct Source Equipment","https://gmail.com"
"Ditch Witch of Central Texas","https://ditchwitchctx.com"
"Ditch Witch of Houston","https://dwhouston.com"
"Dixie Electric Power Association",""
"Domestic Power USA","https://domesticpower.us"
"East Columbia Basin Irrigation District","https://ecbid.org"
"East River Electric Power Cooperative","https://eastriver.coop"
"Eastex Telephone Cooperative, Inc.","https://eastex.com"
"Eastwind Communications","https://eastwindcom.com"
"Easy Street Systems","https://easystreetsystems.com"
"EDX Wireless","https://edx.com"
"El Dorado Irrigation District",""
"El-Gi","https://gmail.com"
"Electric Consultants, Inc.","https://eciblgs.com"
"ELGi","https://elgi.com"
"EPC, LLC","https://epcunderground.com"
"Escambia River Electric Cooperative","https://erec.com"
"Ewing-Foley","https://ewingfoley.com"
"Excelsior Electric Membership Corporation","https://excelsioremc.com"
"Expanse Electrical","https://expanseelectrical.com"
"Expanse Electrical Co.","https://expanseelectrical.com"
"Ferreira Power South","https://ferreirapowersouth.com"
"Five Area Telephone Cooperative, Inc.","https://fivearea.com"
"Florida Power Corporation","https://pgnmail.com"
"Forsk","https://forsk.com"
"Four D construction","https://fourdconstruction.com"
"FTI Belman","https://ftibelman.com"
"G Force Fiber Optics","https://gffs.us"
"GAC Enterprises | Central","https://gacllc.net"
"GAC Enterprises, LLC","https://me.com"
"Garland Light & Power Company","https://garlandpower.com"
"GCP Technologies LLC","https://gcptech.com"
"Georgia System Operations Corp.","https://gasoc.com"
"Georgia System Operations Corporation","https://gasoc.com"
"Gibson Electric Membership Corporation","https://gibsonemc.com"
"Gillespie, Prudhon & Associates","https://gpatelecom.com"
"Global Utility Infrastructure","https://hotmail.com"
"Global Utility Infrastructure & HDD, LLC","https://globalui.net"
"Gunnison County Electric Association",""
"Habersham EMC","https://hemc.coop"
"Halff","https://halff.com"
"Hamilton Industries","https://hamiltonindustries.com"
"Hart Electric Membership Corporation","https://hartemc.com"
"HCI Energy","https://hcienergy.com"
"HCTC","https://hctc.coop"
"Heritage Broadband, LLC","https://heritagebroadband.com"
"High Country Fusion","https://highcountryfusion.com"
"Hill Country Telephone Cooperative","https://hctc.coop"
"Hilliary","https://hilliary.com"
"Holston Electric Cooperative","https://holstonelectric.com"
"HP Communications","https://hpcomminc.com"
"HR Green, Inc","https://hrgreen.com"
"Hunt Communications","https://hunt-utilities.com"
"Hyperion Solutions Group","https://hyperionsolutionsgroup.com"
"Independent","https://aol.com"
"Industry Telephone Company","https://industrytelco.com"
"Innovative Network Services","https://ins-osp.com"
"IPS","https://ipsaecorp.org"
"ITC","https://industrytelco.com"
"ITG Communications LLC","https://i-t-g.net"
"Jameson Tools","https://jamesontools.com"
"JDTC Inc","https://jdtcinc.com"
"JTH Agencies","https://gmail.com"
"Just Right Engineering","https://just-right.co"
"KCK Board of Public Utilities","https://bpu.com"
"Klaasmeyer Construction Company Inc","https://klaasmeyer.com"
"Kramer Service Group","https://kramerservicegroup.com"
"LiteLinx","https://litelinx.io"
"Lonestar Precast","https://lsprecast.com"
"LTS Managed Technical Services, LLC","https://ledcor.com"
"M & A Electric Power Cooperative","https://maelectric.com"
"Marla Newman / Plummer Associates, Inc.","https://plummer.com"
"McDonald County Telephone","https://gmail.com"
"Mears Broadband LLC","https://mearsbroadband.com"
"Meeker Cooperative Light & Power Association","https://meeker.coop"
"Micronet Communications, Inc.","https://micronetcom.com"
"Mid America Computer Corp (MACC)","https://maccnet.com"
"Mid Plains Rural Telephone","https://midplains.org"
"Mitchell Electric Membership","https://mitchellemc.com"
"MOGYVER COMMUNICATIONS","https://cox.net"
"Monte R. Lee & Company","https://mrleng.com"
"Mountain Parks Electric Inc.",""
"Musashi Energy Solutions","https://gmail.com"
"NAMS Firefly","https://nams.net"
"National Exchange Carrier Association (NECA)","https://neca.org"
"Navopache Electric Cooperative, Inc.","https://navopache.org"
"Nevada NV","https://nvenergy.com"
"NTest, Inc.","https://ntestinc.com"
"NW Electric Power Cooperative","https://nwepc.com"
"NWS Wireless","https://nwsnext.com"
"Olmec","https://gmail.com"
"OmniCable","https://gmail.com"
"Optical Construction & Design  (OC&D)","https://gmail.com"
"Optical Construction & Design Inc","https://hotmail.com"
"OPTK Networks","https://optk.com"
"Otero County Electric Cooperative",""
"Pathwayz Communications","https://pathwayz.com"
"Peace River Electric Cooperative","https://preco.coop"
"PeakNet","https://peaknet.com"
"Pecan Creek Construction",""
"Pelican Broadband","https://pelicanbb.com"
"Pem-Tex LLC","https://gmail.com"
"Pem-Tex, LLC","https://pemtex.com"
"Pem-Tex,LLC","https://pemtex.com"
"Penasco Valley Telephone","https://pvt.com"
"Pimms Groups USA Inc","https://pimms.group"
"Planters Electric Membership Corporation","https://plantersemc.com"
"Plateau","https://plateautel.com"
"Plateau Telecommunications","https://plateautel.com"
"Plummer","https://plummer.com"
"Plummer Associates, Inc.","https://plummer.com"
"Poka Lambro","https://teampoka.com"
"Polarity Networks LLC","https://polaritynetworks.net"
"Power Storage Solutions","https://pwrss1.com"
"Power-Tel Utility Products Inc","https://ptupcorp.com"
"PPC Belden","https://belden.com"
"Premier Truck Rental","https://rentptr.com"
"PSEG-LI",""
"PVT","https://pvt.com"
"RAD","https://rad.com"
"Resource Networks, Inc.","https://icloud.com"
"RnR Integration","https://gmail.com"
"Rockport Contracting","https://rockport.net"
"Rockwell Tech","https://gbohtecnology.com"
"Rohn Products, LLC","https://rohntower.com"
"Root Brothers Mfg and Supply","https://rootbrothers.com"
"RR Ditching Service Inc","https://hotmail.com"
"Salina Spavinaw Telephone Co., Inc.","https://sstelco.com"
"Schneider Engineering","https://se-texas.com"
"Schweitzer Engineering Laboratories Inc. (SEL)","https://selinc.com"
"Seattle City Light","https://seattle.gov"
"SECO","https://sumterel.com"
"Selrico Communications","https://selricocomm.com"
"Sendera Construction","https://aecoi.net"
"Sho-Me Power Electric Cooperative","https://shomepower.com"
"Skope Broadband & Communications LLC","https://skopebroadband.com"
"Slash Pine Electric Membership","https://slashpineemc.com"
"Snapping Shoals Electric Membership Corporation","https://ssemc.com"
"Snohomish County Public Utility District No. 1","https://snopud.com"
"Source Power","https://sourcepowerllc.com"
"South Alabama Electric Cooperative","https://southaec.com"
"Southern California Edison","https://sce.com"
"Southern California Edison Company","https://sce.com"
"Southern Nevada Water Agency/Las Vegas Valley Water District","https://lvvwd.com"
"Southern Rivers Energy","https://srivers.net"
"Southwest Gas Corporation","https://swgas.com"
"Southwest Texas Communications","https://swtexas.com"
"Splicers, Inc","https://splicersinc.com"
"SRP Communications Engineering",""
"Start Fiber Optics Inc.","https://icloud.com"
"Stratis","https://charter.net"
"StruXur Team","https://struxurteam.com"
"Swyft Connect","https://swyftconnect.com"
"Syntrio Solutions","https://syntrio.net"
"Tacoma Power - Utility Technology Services","https://cityoftacoma.org"
"Tallapoosa River Electric Cooperative","https://trec.coop"
"TCS Communications","https://tcscomm.com"
"Techline Inc.","https://techline-inc.com"
"Telcon Services","https://telconservices.com"
"Telecom America Services, Inc.","https://ykc.com"
"Texas Electric Cooperatives","https://texas-ec.org"
"Texas Lone Star Network - TLSN","https://tlsn.us"
"The Light Connection - Prod Sol","https://prod-solutions.com"
"The Periti Group","https://theperitigroup.com"
"TOP Engineers Plus PLLC","https://gmail.com"
"Trident Solutions","https://tridentsolutions.com"
"Triumph Cabling Systems","https://triumph-cs.com"
"TSTCI","https://wtxlawyers.com"
"Tycon Systems","https://tyconsystems.com"
"Ubiik Mimomax","https://ubiik.com"
"United Technologies Services, Inc.","https://utechserviceinc.com"
"USA Digital Communications","https://usad.com"
"Utilities Board of the City of Andalusia","https://cityofandalusia.com"
"Utility Plastucs","https://sbcglobal.net"
"Vetcore Technology","https://vetcoretech.com"
"Washoe County Utilities Division","https://washoecounty.gov"
"WEBB GLOBAL TRANSFER, LLC","https://webbgt.com"
"Wells Rural Electric Company","https://wrec.coop"
"Wes-Tex Telephone Cooperative, Inc.","https://westex.coop"
"Westermo Data Communications, Inc.","https://westermo.com"
"Whaley Communications, Inc.","https://whaleycomm.com"
"White River Electric Association",""
"WKW Associates","https://wkwassociates.com"
"XIT RURAL TELEPHONE","https://xitcomm.net"
"XpressConnect Supply","https://xpressconnect.com"
"Yuba County Water Agency",""
"YUBA Water Agency","https://yubawater.org"
"Zing Broadband/PGTelco","https://pgtc.com"
"ZipLink Systems LLC","https://ziplink.systesm"
