Company Name,Website,LinkedIn URL
"SRP Communications Engineering","","Not found"
"Salina Spavinaw Telephone Co., Inc.","https://sstelco.com","Not found"
"Schneider Engineering","https://se-texas.com","https://www.linkedin.com/company/schneider-engineering-consulting"
"Schweitzer Engineering Laboratories Inc. (SEL)","https://selinc.com","Not found"
"Seattle City Light","https://seattle.gov","https://www.linkedin.com/company/seattle-city-light"
"Selrico Communications","https://selricocomm.com","https://www.linkedin.com/company/selrico-communications"
"Sendera Construction","https://aecoi.net","Not found"
"Sho-Me Power Electric Cooperative","https://shomepower.com","https://www.linkedin.com/company/sho-me-power-electric-cooperative"
"Skope Broadband & Communications LLC","https://skopebroadband.com","Not found"
"Slash Pine Electric Membership","https://slashpineemc.com","Not found"
"Snapping Shoals Electric Membership Corporation","https://ssemc.com","https://www.linkedin.com/company/snapping-shoals-electric-membership-corporation"
"Snohomish County Public Utility District No. 1","https://snopud.com","https://www.linkedin.com/company/snohomish-county-pud"
"Source Power","https://sourcepowerllc.com","https://www.linkedin.com/company/source-power-llc"
"South Alabama Electric Cooperative","https://southaec.com","https://www.linkedin.com/company/south-alabama-electric-cooperative"
"Southern California Edison","https://sce.com","https://www.linkedin.com/company/sce"
"Southern California Edison Company","https://sce.com","https://www.linkedin.com/company/sce"
"Southern Nevada Water Agency/Las Vegas Valley Water District","https://lvvwd.com","https://www.linkedin.com/company/lvvwd"
"Southern Rivers Energy","https://srivers.net","https://www.linkedin.com/company/southernriversenergy"
"Southwest Gas Corporation","https://swgas.com","https://www.linkedin.com/company/southwest-gas-corporation"
"Southwest Texas Communications","https://swtexas.com","https://www.linkedin.com/company/southwest-texas-telephone-company"
"Splicers, Inc","https://splicersinc.com","https://www.linkedin.com/company/splicers-inc"
"Start Fiber Optics Inc.","https://icloud.com","Not found"
"Stratis","https://charter.net","Not found"
"StruXur Team","https://struxurteam.com","https://www.linkedin.com/company/struxur-team"
"Swyft Connect","https://swyftconnect.com","Not found"
"Syntrio Solutions","https://syntrio.net","https://www.linkedin.com/company/syntrio"
"TCS Communications","https://tcscomm.com","https://www.linkedin.com/company/tcs-communications"
"TOP Engineers Plus PLLC","https://gmail.com","https://www.linkedin.com/company/top-engineers-plus-pllc"
"TSTCI","https://wtxlawyers.com","Not found"
"Tacoma Power - Utility Technology Services","https://cityoftacoma.org","https://www.linkedin.com/company/tacoma-power"
"Tallapoosa River Electric Cooperative","https://trec.coop","Not found"
"Techline Inc.","https://techline-inc.com","https://www.linkedin.com/company/techlineinc"
"Telcon Services","https://telconservices.com","https://www.linkedin.com/company/telcon-services-llc"
"Telecom America Services, Inc.","https://ykc.com","https://www.linkedin.com/company/telecom-america-services-inc-"
"Texas Electric Cooperatives","https://texas-ec.org","https://www.linkedin.com/company/texas-electric-cooperatives"
"Texas Lone Star Network - TLSN","https://tlsn.us","Not found"
"The Light Connection - Prod Sol","https://prod-solutions.com","Not found"
"The Periti Group","https://theperitigroup.com","https://www.linkedin.com/company/the-periti-group-llc"
"Trident Solutions","https://tridentsolutions.com","https://www.linkedin.com/company/trident-solutions"
"Triumph Cabling Systems","https://triumph-cs.com","https://www.linkedin.com/company/triumph-cabling-systems"
"Tycon Systems","https://tyconsystems.com","https://www.linkedin.com/company/tycon-systems-inc-"
"USA Digital Communications","https://usad.com","https://www.linkedin.com/company/usa-digital"
"Ubiik Mimomax","https://ubiik.com","https://www.linkedin.com/company/ubiikmimomax"
"United Technologies Services, Inc.","https://utechserviceinc.com","https://www.linkedin.com/company/united-technology-service"
"Utilities Board of the City of Andalusia","https://cityofandalusia.com","https://www.linkedin.com/company/andalusiaalgov"
"Utility Plastucs","https://sbcglobal.net","https://www.linkedin.com/company/utility-plastics"
"Vetcore Technology","https://vetcoretech.com","https://www.linkedin.com/company/vetcore-technology-llc"
"WEBB GLOBAL TRANSFER, LLC","https://webbgt.com","Not found"
"WKW Associates","https://wkwassociates.com","https://www.linkedin.com/company/wkw-associates-llc"
"Washoe County Utilities Division","https://washoecounty.gov","https://www.linkedin.com/company/washoe-county-state-of-nevada"
"Wells Rural Electric Company","https://wrec.coop","https://www.linkedin.com/company/wells-rural-electric-company"
"Wes-Tex Telephone Cooperative, Inc.","https://westex.coop","https://www.linkedin.com/company/wes-tex-telephone-co-op"
"Westermo Data Communications, Inc.","https://westermo.com","https://www.linkedin.com/company/westermo"
"Whaley Communications, Inc.","https://whaleycomm.com","https://www.linkedin.com/company/whaley-communications-inc"
"White River Electric Association","","https://www.linkedin.com/company/white-river-electric-association-inc."
"XIT RURAL TELEPHONE","https://xitcomm.net","https://www.linkedin.com/company/xit-communications"
"XpressConnect Supply","https://xpressconnect.com","https://www.linkedin.com/company/xpressconnect-supply"
"YUBA Water Agency","https://yubawater.org","https://www.linkedin.com/company/yubawater"
"Yuba County Water Agency","","https://www.linkedin.com/company/yubawater"
"Zing Broadband/PGTelco","https://pgtc.com","Not found"
"ZipLink Systems LLC","https://ziplink.systesm","Not found"
"al watan","https://outlook.com","https://www.linkedin.com/company/al-watan-tv---newspaper"